schrummy14/stabilizer	master	diverged	1	4	1
fusiled/stabilizer	master	diverged	5	4	5
thinkmoore/stabilizer	master	diverged	3	5	3
nickhutchinson/stabilizer	master	diverged	1	5	1
plasma-umass/stabilizer	master	diverged	1	5	1
parsa/stabilizer	master	ahead	26	0	26
parsa/stabilizer	upgrade_llvm_19	ahead	1	0	1
dendibakh/stabilizer	master	diverged	7	4	7
tristan-potter/stabilizer	master	diverged	1	5	1
yqzhang/stabilizer	master	diverged	1	5	1
jgall/stabilizer	master	diverged	11	4	11
atw1020/stabilizer	master	diverged	14	4	14
magras/stabilizer	fix-tls	diverged	42	4	42
magras/stabilizer	master	diverged	39	4	39
timadye/stabilizer	master	diverged	25	4	25
