matthiasgoergens/stabilizer	cleanup	behind	0	20	0
matthiasgoergens/stabilizer	jit	{"message":"No common ancestor between master and matthiasgoergens:jit.","documentation_url":"https://docs.github.com/rest/commits/commits#compare-two-commits","status":"404"}gh: No common ancestor between master and matthiasgoergens:jit. (HTTP 404)
matthiasgoergens/stabilizer	master	identical	0	0	0
matthiasgoergens/stabilizer	results	{"message":"No common ancestor between master and matthiasgoergens:results.","documentation_url":"https://docs.github.com/rest/commits/commits#compare-two-commits","status":"404"}gh: No common ancestor between master and matthiasgoergens:results. (HTTP 404)
jamestiotio/stabilizer	master	identical	0	0	0
h1dr1/stabilizer	cleanup	behind	0	20	0
h1dr1/stabilizer	jit	{"message":"No common ancestor between master and h1dr1:jit.","documentation_url":"https://docs.github.com/rest/commits/commits#compare-two-commits","status":"404"}gh: No common ancestor between master and h1dr1:jit. (HTTP 404)
h1dr1/stabilizer	master	identical	0	0	0
h1dr1/stabilizer	results	{"message":"No common ancestor between master and h1dr1:results.","documentation_url":"https://docs.github.com/rest/commits/commits#compare-two-commits","status":"404"}gh: No common ancestor between master and h1dr1:results. (HTTP 404)
ShabbirHasan1/stabilizer	cleanup	behind	0	20	0
ShabbirHasan1/stabilizer	jit	{"message":"No common ancestor between master and ShabbirHasan1:jit.","documentation_url":"https://docs.github.com/rest/commits/commits#compare-two-commits","status":"404"}gh: No common ancestor between master and ShabbirHasan1:jit. (HTTP 404)
ShabbirHasan1/stabilizer	master	identical	0	0	0
ShabbirHasan1/stabilizer	results	{"message":"No common ancestor between master and ShabbirHasan1:results.","documentation_url":"https://docs.github.com/rest/commits/commits#compare-two-commits","status":"404"}gh: No common ancestor between master and ShabbirHasan1:results. (HTTP 404)
stormalinblue/stabilizer	master	identical	0	0	0
jstrutz/stabilizer	master	identical	0	0	0
avmi/stabilizer	cleanup	behind	0	20	0
avmi/stabilizer	jit	{"message":"No common ancestor between master and avmi:jit.","documentation_url":"https://docs.github.com/rest/commits/commits#compare-two-commits","status":"404"}gh: No common ancestor between master and avmi:jit. (HTTP 404)
avmi/stabilizer	master	identical	0	0	0
avmi/stabilizer	results	{"message":"No common ancestor between master and avmi:results.","documentation_url":"https://docs.github.com/rest/commits/commits#compare-two-commits","status":"404"}gh: No common ancestor between master and avmi:results. (HTTP 404)
joejustesen/stabilizer	cleanup	behind	0	20	0
joejustesen/stabilizer	jit	{"message":"No common ancestor between master and joejustesen:jit.","documentation_url":"https://docs.github.com/rest/commits/commits#compare-two-commits","status":"404"}gh: No common ancestor between master and joejustesen:jit. (HTTP 404)
joejustesen/stabilizer	master	identical	0	0	0
joejustesen/stabilizer	results	{"message":"No common ancestor between master and joejustesen:results.","documentation_url":"https://docs.github.com/rest/commits/commits#compare-two-commits","status":"404"}gh: No common ancestor between master and joejustesen:results. (HTTP 404)
zhaoweny/stabilizer	cleanup	behind	0	20	0
zhaoweny/stabilizer	jit	{"message":"No common ancestor between master and zhaoweny:jit.","documentation_url":"https://docs.github.com/rest/commits/commits#compare-two-commits","status":"404"}gh: No common ancestor between master and zhaoweny:jit. (HTTP 404)
zhaoweny/stabilizer	master	identical	0	0	0
zhaoweny/stabilizer	results	{"message":"No common ancestor between master and zhaoweny:results.","documentation_url":"https://docs.github.com/rest/commits/commits#compare-two-commits","status":"404"}gh: No common ancestor between master and zhaoweny:results. (HTTP 404)
Spencerx/stabilizer	cleanup	behind	0	20	0
Spencerx/stabilizer	jit	{"message":"No common ancestor between master and Spencerx:jit.","documentation_url":"https://docs.github.com/rest/commits/commits#compare-two-commits","status":"404"}gh: No common ancestor between master and Spencerx:jit. (HTTP 404)
Spencerx/stabilizer	master	identical	0	0	0
Spencerx/stabilizer	results	{"message":"No common ancestor between master and Spencerx:results.","documentation_url":"https://docs.github.com/rest/commits/commits#compare-two-commits","status":"404"}gh: No common ancestor between master and Spencerx:results. (HTTP 404)
EmptyWatson/stabilizer	cleanup	behind	0	20	0
EmptyWatson/stabilizer	jit	{"message":"No common ancestor between master and EmptyWatson:jit.","documentation_url":"https://docs.github.com/rest/commits/commits#compare-two-commits","status":"404"}gh: No common ancestor between master and EmptyWatson:jit. (HTTP 404)
EmptyWatson/stabilizer	master	identical	0	0	0
EmptyWatson/stabilizer	results	{"message":"No common ancestor between master and EmptyWatson:results.","documentation_url":"https://docs.github.com/rest/commits/commits#compare-two-commits","status":"404"}gh: No common ancestor between master and EmptyWatson:results. (HTTP 404)
marcope-98/stabilizer	cleanup	behind	0	20	0
marcope-98/stabilizer	jit	{"message":"No common ancestor between master and marcope-98:jit.","documentation_url":"https://docs.github.com/rest/commits/commits#compare-two-commits","status":"404"}gh: No common ancestor between master and marcope-98:jit. (HTTP 404)
marcope-98/stabilizer	master	identical	0	0	0
marcope-98/stabilizer	results	{"message":"No common ancestor between master and marcope-98:results.","documentation_url":"https://docs.github.com/rest/commits/commits#compare-two-commits","status":"404"}gh: No common ancestor between master and marcope-98:results. (HTTP 404)
ArthurBPires/stabilizer	cleanup	behind	0	20	0
ArthurBPires/stabilizer	jit	{"message":"No common ancestor between master and ArthurBPires:jit.","documentation_url":"https://docs.github.com/rest/commits/commits#compare-two-commits","status":"404"}gh: No common ancestor between master and ArthurBPires:jit. (HTTP 404)
ArthurBPires/stabilizer	master	identical	0	0	0
ArthurBPires/stabilizer	results	{"message":"No common ancestor between master and ArthurBPires:results.","documentation_url":"https://docs.github.com/rest/commits/commits#compare-two-commits","status":"404"}gh: No common ancestor between master and ArthurBPires:results. (HTTP 404)
cherry-wb/stabilizer	cleanup	behind	0	20	0
cherry-wb/stabilizer	jit	{"message":"No common ancestor between master and cherry-wb:jit.","documentation_url":"https://docs.github.com/rest/commits/commits#compare-two-commits","status":"404"}gh: No common ancestor between master and cherry-wb:jit. (HTTP 404)
cherry-wb/stabilizer	master	behind	0	4	0
cherry-wb/stabilizer	results	{"message":"No common ancestor between master and cherry-wb:results.","documentation_url":"https://docs.github.com/rest/commits/commits#compare-two-commits","status":"404"}gh: No common ancestor between master and cherry-wb:results. (HTTP 404)
doytsujin/stabilizer	cleanup	behind	0	20	0
doytsujin/stabilizer	jit	{"message":"No common ancestor between master and doytsujin:jit.","documentation_url":"https://docs.github.com/rest/commits/commits#compare-two-commits","status":"404"}gh: No common ancestor between master and doytsujin:jit. (HTTP 404)
doytsujin/stabilizer	master	behind	0	4	0
doytsujin/stabilizer	results	{"message":"No common ancestor between master and doytsujin:results.","documentation_url":"https://docs.github.com/rest/commits/commits#compare-two-commits","status":"404"}gh: No common ancestor between master and doytsujin:results. (HTTP 404)
emeryberger/stabilizer	cleanup	behind	0	20	0
emeryberger/stabilizer	jit	{"message":"No common ancestor between master and emeryberger:jit.","documentation_url":"https://docs.github.com/rest/commits/commits#compare-two-commits","status":"404"}gh: No common ancestor between master and emeryberger:jit. (HTTP 404)
emeryberger/stabilizer	master	identical	0	0	0
emeryberger/stabilizer	patch-1	behind	0	3	0
emeryberger/stabilizer	results	{"message":"No common ancestor between master and emeryberger:results.","documentation_url":"https://docs.github.com/rest/commits/commits#compare-two-commits","status":"404"}gh: No common ancestor between master and emeryberger:results. (HTTP 404)
giactra/stabilizer	cleanup	behind	0	20	0
giactra/stabilizer	jit	{"message":"No common ancestor between master and giactra:jit.","documentation_url":"https://docs.github.com/rest/commits/commits#compare-two-commits","status":"404"}gh: No common ancestor between master and giactra:jit. (HTTP 404)
giactra/stabilizer	master	behind	0	4	0
giactra/stabilizer	results	{"message":"No common ancestor between master and giactra:results.","documentation_url":"https://docs.github.com/rest/commits/commits#compare-two-commits","status":"404"}gh: No common ancestor between master and giactra:results. (HTTP 404)
gsumalo/stabilizer	cleanup	behind	0	20	0
gsumalo/stabilizer	jit	{"message":"No common ancestor between master and gsumalo:jit.","documentation_url":"https://docs.github.com/rest/commits/commits#compare-two-commits","status":"404"}gh: No common ancestor between master and gsumalo:jit. (HTTP 404)
gsumalo/stabilizer	master	behind	0	4	0
gsumalo/stabilizer	results	{"message":"No common ancestor between master and gsumalo:results.","documentation_url":"https://docs.github.com/rest/commits/commits#compare-two-commits","status":"404"}gh: No common ancestor between master and gsumalo:results. (HTTP 404)
beyonddream-productions/stabilizer	cleanup	behind	0	20	0
beyonddream-productions/stabilizer	jit	{"message":"No common ancestor between master and beyonddream-productions:jit.","documentation_url":"https://docs.github.com/rest/commits/commits#compare-two-commits","status":"404"}gh: No common ancestor between master and beyonddream-productions:jit. (HTTP 404)
beyonddream-productions/stabilizer	master	behind	0	4	0
beyonddream-productions/stabilizer	results	{"message":"No common ancestor between master and beyonddream-productions:results.","documentation_url":"https://docs.github.com/rest/commits/commits#compare-two-commits","status":"404"}gh: No common ancestor between master and beyonddream-productions:results. (HTTP 404)
lsabc/stabilizer	cleanup	behind	0	20	0
lsabc/stabilizer	jit	{"message":"No common ancestor between master and lsabc:jit.","documentation_url":"https://docs.github.com/rest/commits/commits#compare-two-commits","status":"404"}gh: No common ancestor between master and lsabc:jit. (HTTP 404)
lsabc/stabilizer	master	behind	0	4	0
lsabc/stabilizer	results	{"message":"No common ancestor between master and lsabc:results.","documentation_url":"https://docs.github.com/rest/commits/commits#compare-two-commits","status":"404"}gh: No common ancestor between master and lsabc:results. (HTTP 404)
StefanFabian/stabilizer	cleanup	behind	0	20	0
StefanFabian/stabilizer	jit	{"message":"No common ancestor between master and StefanFabian:jit.","documentation_url":"https://docs.github.com/rest/commits/commits#compare-two-commits","status":"404"}gh: No common ancestor between master and StefanFabian:jit. (HTTP 404)
StefanFabian/stabilizer	master	behind	0	4	0
StefanFabian/stabilizer	results	{"message":"No common ancestor between master and StefanFabian:results.","documentation_url":"https://docs.github.com/rest/commits/commits#compare-two-commits","status":"404"}gh: No common ancestor between master and StefanFabian:results. (HTTP 404)
vshalts/stabilizer	cleanup	behind	0	20	0
vshalts/stabilizer	jit	{"message":"No common ancestor between master and vshalts:jit.","documentation_url":"https://docs.github.com/rest/commits/commits#compare-two-commits","status":"404"}gh: No common ancestor between master and vshalts:jit. (HTTP 404)
vshalts/stabilizer	master	behind	0	4	0
vshalts/stabilizer	results	{"message":"No common ancestor between master and vshalts:results.","documentation_url":"https://docs.github.com/rest/commits/commits#compare-two-commits","status":"404"}gh: No common ancestor between master and vshalts:results. (HTTP 404)
coderesearchref/stabilizer	cleanup	behind	0	20	0
coderesearchref/stabilizer	jit	{"message":"No common ancestor between master and coderesearchref:jit.","documentation_url":"https://docs.github.com/rest/commits/commits#compare-two-commits","status":"404"}gh: No common ancestor between master and coderesearchref:jit. (HTTP 404)
coderesearchref/stabilizer	master	behind	0	4	0
coderesearchref/stabilizer	results	{"message":"No common ancestor between master and coderesearchref:results.","documentation_url":"https://docs.github.com/rest/commits/commits#compare-two-commits","status":"404"}gh: No common ancestor between master and coderesearchref:results. (HTTP 404)
schrummy14/stabilizer	cleanup	behind	0	20	0
schrummy14/stabilizer	jit	{"message":"No common ancestor between master and schrummy14:jit.","documentation_url":"https://docs.github.com/rest/commits/commits#compare-two-commits","status":"404"}gh: No common ancestor between master and schrummy14:jit. (HTTP 404)
schrummy14/stabilizer	master	diverged	1	4	1
schrummy14/stabilizer	results	{"message":"No common ancestor between master and schrummy14:results.","documentation_url":"https://docs.github.com/rest/commits/commits#compare-two-commits","status":"404"}gh: No common ancestor between master and schrummy14:results. (HTTP 404)
realkotob/stabilizer	cleanup	behind	0	20	0
realkotob/stabilizer	jit	{"message":"No common ancestor between master and realkotob:jit.","documentation_url":"https://docs.github.com/rest/commits/commits#compare-two-commits","status":"404"}gh: No common ancestor between master and realkotob:jit. (HTTP 404)
realkotob/stabilizer	master	identical	0	0	0
realkotob/stabilizer	results	{"message":"No common ancestor between master and realkotob:results.","documentation_url":"https://docs.github.com/rest/commits/commits#compare-two-commits","status":"404"}gh: No common ancestor between master and realkotob:results. (HTTP 404)
IgorDzreyev/stabilizer	cleanup	behind	0	20	0
IgorDzreyev/stabilizer	jit	{"message":"No common ancestor between master and IgorDzreyev:jit.","documentation_url":"https://docs.github.com/rest/commits/commits#compare-two-commits","status":"404"}gh: No common ancestor between master and IgorDzreyev:jit. (HTTP 404)
IgorDzreyev/stabilizer	master	behind	0	4	0
IgorDzreyev/stabilizer	results	{"message":"No common ancestor between master and IgorDzreyev:results.","documentation_url":"https://docs.github.com/rest/commits/commits#compare-two-commits","status":"404"}gh: No common ancestor between master and IgorDzreyev:results. (HTTP 404)
LongJohnCoder/stabilizer	cleanup	behind	0	20	0
LongJohnCoder/stabilizer	jit	{"message":"No common ancestor between master and LongJohnCoder:jit.","documentation_url":"https://docs.github.com/rest/commits/commits#compare-two-commits","status":"404"}gh: No common ancestor between master and LongJohnCoder:jit. (HTTP 404)
LongJohnCoder/stabilizer	master	behind	0	4	0
LongJohnCoder/stabilizer	results	{"message":"No common ancestor between master and LongJohnCoder:results.","documentation_url":"https://docs.github.com/rest/commits/commits#compare-two-commits","status":"404"}gh: No common ancestor between master and LongJohnCoder:results. (HTTP 404)
fusiled/stabilizer	cleanup	behind	0	20	0
fusiled/stabilizer	jit	{"message":"No common ancestor between master and fusiled:jit.","documentation_url":"https://docs.github.com/rest/commits/commits#compare-two-commits","status":"404"}gh: No common ancestor between master and fusiled:jit. (HTTP 404)
fusiled/stabilizer	master	diverged	5	4	5
fusiled/stabilizer	results	{"message":"No common ancestor between master and fusiled:results.","documentation_url":"https://docs.github.com/rest/commits/commits#compare-two-commits","status":"404"}gh: No common ancestor between master and fusiled:results. (HTTP 404)
whuczp1234/stabilizer	cleanup	behind	0	20	0
whuczp1234/stabilizer	jit	{"message":"No common ancestor between master and whuczp1234:jit.","documentation_url":"https://docs.github.com/rest/commits/commits#compare-two-commits","status":"404"}gh: No common ancestor between master and whuczp1234:jit. (HTTP 404)
whuczp1234/stabilizer	master	behind	0	4	0
whuczp1234/stabilizer	results	{"message":"No common ancestor between master and whuczp1234:results.","documentation_url":"https://docs.github.com/rest/commits/commits#compare-two-commits","status":"404"}gh: No common ancestor between master and whuczp1234:results. (HTTP 404)
zsusag/stabilizer	cleanup	behind	0	20	0
zsusag/stabilizer	jit	{"message":"No common ancestor between master and zsusag:jit.","documentation_url":"https://docs.github.com/rest/commits/commits#compare-two-commits","status":"404"}gh: No common ancestor between master and zsusag:jit. (HTTP 404)
zsusag/stabilizer	master	behind	0	4	0
zsusag/stabilizer	results	{"message":"No common ancestor between master and zsusag:results.","documentation_url":"https://docs.github.com/rest/commits/commits#compare-two-commits","status":"404"}gh: No common ancestor between master and zsusag:results. (HTTP 404)
saadmahboob/stabilizer	cleanup	behind	0	20	0
saadmahboob/stabilizer	jit	{"message":"No common ancestor between master and saadmahboob:jit.","documentation_url":"https://docs.github.com/rest/commits/commits#compare-two-commits","status":"404"}gh: No common ancestor between master and saadmahboob:jit. (HTTP 404)
saadmahboob/stabilizer	master	behind	0	4	0
saadmahboob/stabilizer	results	{"message":"No common ancestor between master and saadmahboob:results.","documentation_url":"https://docs.github.com/rest/commits/commits#compare-two-commits","status":"404"}gh: No common ancestor between master and saadmahboob:results. (HTTP 404)
nguyenth1/stabilizer	cleanup	behind	0	20	0
nguyenth1/stabilizer	jit	{"message":"No common ancestor between master and nguyenth1:jit.","documentation_url":"https://docs.github.com/rest/commits/commits#compare-two-commits","status":"404"}gh: No common ancestor between master and nguyenth1:jit. (HTTP 404)
nguyenth1/stabilizer	master	behind	0	5	0
nguyenth1/stabilizer	results	{"message":"No common ancestor between master and nguyenth1:results.","documentation_url":"https://docs.github.com/rest/commits/commits#compare-two-commits","status":"404"}gh: No common ancestor between master and nguyenth1:results. (HTTP 404)
thinkmoore/stabilizer	cleanup	behind	0	20	0
thinkmoore/stabilizer	jit	{"message":"No common ancestor between master and thinkmoore:jit.","documentation_url":"https://docs.github.com/rest/commits/commits#compare-two-commits","status":"404"}gh: No common ancestor between master and thinkmoore:jit. (HTTP 404)
thinkmoore/stabilizer	master	diverged	3	5	3
thinkmoore/stabilizer	results	{"message":"No common ancestor between master and thinkmoore:results.","documentation_url":"https://docs.github.com/rest/commits/commits#compare-two-commits","status":"404"}gh: No common ancestor between master and thinkmoore:results. (HTTP 404)
nickhutchinson/stabilizer	cleanup	behind	0	20	0
nickhutchinson/stabilizer	jit	{"message":"No common ancestor between master and nickhutchinson:jit.","documentation_url":"https://docs.github.com/rest/commits/commits#compare-two-commits","status":"404"}gh: No common ancestor between master and nickhutchinson:jit. (HTTP 404)
nickhutchinson/stabilizer	master	diverged	1	5	1
nickhutchinson/stabilizer	results	{"message":"No common ancestor between master and nickhutchinson:results.","documentation_url":"https://docs.github.com/rest/commits/commits#compare-two-commits","status":"404"}gh: No common ancestor between master and nickhutchinson:results. (HTTP 404)
mayaarl/stabilizer	cleanup	behind	0	20	0
mayaarl/stabilizer	master	behind	0	5	0
mayaarl/stabilizer	results	{"message":"No common ancestor between master and mayaarl:results.","documentation_url":"https://docs.github.com/rest/commits/commits#compare-two-commits","status":"404"}gh: No common ancestor between master and mayaarl:results. (HTTP 404)
imaxxs/stabilizer	cleanup	behind	0	20	0
imaxxs/stabilizer	master	behind	0	5	0
lpc0220/stabilizer	cleanup	behind	0	20	0
lpc0220/stabilizer	master	behind	0	13	0
zhuomingliang/stabilizer	cleanup	behind	0	20	0
zhuomingliang/stabilizer	master	behind	0	13	0
plasma-umass/stabilizer	master	diverged	1	5	1
parsa/stabilizer	master	ahead	26	0	26
parsa/stabilizer	upgrade_llvm_19	ahead	1	0	1
dendibakh/stabilizer	cleanup	behind	0	20	0
dendibakh/stabilizer	jit	{"message":"No common ancestor between master and dendibakh:jit.","documentation_url":"https://docs.github.com/rest/commits/commits#compare-two-commits","status":"404"}gh: No common ancestor between master and dendibakh:jit. (HTTP 404)
dendibakh/stabilizer	master	diverged	7	4	7
dendibakh/stabilizer	results	{"message":"No common ancestor between master and dendibakh:results.","documentation_url":"https://docs.github.com/rest/commits/commits#compare-two-commits","status":"404"}gh: No common ancestor between master and dendibakh:results. (HTTP 404)
tristan-potter/stabilizer	master	diverged	1	5	1
yqzhang/stabilizer	master	diverged	1	5	1
jgall/stabilizer	cleanup	behind	0	20	0
jgall/stabilizer	jit	{"message":"No common ancestor between master and jgall:jit.","documentation_url":"https://docs.github.com/rest/commits/commits#compare-two-commits","status":"404"}gh: No common ancestor between master and jgall:jit. (HTTP 404)
jgall/stabilizer	master	diverged	11	4	11
jgall/stabilizer	results	{"message":"No common ancestor between master and jgall:results.","documentation_url":"https://docs.github.com/rest/commits/commits#compare-two-commits","status":"404"}gh: No common ancestor between master and jgall:results. (HTTP 404)
atw1020/stabilizer	cleanup	behind	0	20	0
atw1020/stabilizer	jit	{"message":"No common ancestor between master and atw1020:jit.","documentation_url":"https://docs.github.com/rest/commits/commits#compare-two-commits","status":"404"}gh: No common ancestor between master and atw1020:jit. (HTTP 404)
atw1020/stabilizer	master	diverged	14	4	14
atw1020/stabilizer	results	{"message":"No common ancestor between master and atw1020:results.","documentation_url":"https://docs.github.com/rest/commits/commits#compare-two-commits","status":"404"}gh: No common ancestor between master and atw1020:results. (HTTP 404)
magras/stabilizer	cleanup	behind	0	20	0
magras/stabilizer	fix-tls	diverged	42	4	42
magras/stabilizer	jit	{"message":"No common ancestor between master and magras:jit.","documentation_url":"https://docs.github.com/rest/commits/commits#compare-two-commits","status":"404"}gh: No common ancestor between master and magras:jit. (HTTP 404)
magras/stabilizer	master	diverged	39	4	39
magras/stabilizer	results	{"message":"No common ancestor between master and magras:results.","documentation_url":"https://docs.github.com/rest/commits/commits#compare-two-commits","status":"404"}gh: No common ancestor between master and magras:results. (HTTP 404)
timadye/stabilizer	cleanup	behind	0	20	0
timadye/stabilizer	jit	{"message":"No common ancestor between master and timadye:jit.","documentation_url":"https://docs.github.com/rest/commits/commits#compare-two-commits","status":"404"}gh: No common ancestor between master and timadye:jit. (HTTP 404)
timadye/stabilizer	master	diverged	25	4	25
timadye/stabilizer	results	{"message":"No common ancestor between master and timadye:results.","documentation_url":"https://docs.github.com/rest/commits/commits#compare-two-commits","status":"404"}gh: No common ancestor between master and timadye:results. (HTTP 404)
