matthiasgoergens/stabilizer	master	2021-09-29T11:57:07Z	0
jamestiotio/stabilizer	master	2021-09-29T11:57:07Z	0
h1dr1/stabilizer	master	2021-09-29T11:57:07Z	0
ShabbirHasan1/stabilizer	master	2021-09-29T11:57:07Z	0
stormalinblue/stabilizer	master	2021-09-29T11:57:07Z	0
jstrutz/stabilizer	master	2021-09-29T11:57:07Z	0
avmi/stabilizer	master	2021-09-29T11:57:07Z	0
joejustesen/stabilizer	master	2021-09-29T11:57:07Z	0
zhaoweny/stabilizer	master	2021-09-29T11:57:07Z	0
Spencerx/stabilizer	master	2021-09-29T11:57:07Z	0
EmptyWatson/stabilizer	master	2021-09-29T11:57:07Z	0
marcope-98/stabilizer	master	2021-09-29T11:57:07Z	0
ArthurBPires/stabilizer	master	2021-09-29T11:57:07Z	0
cherry-wb/stabilizer	master	2021-03-19T19:54:59Z	0
doytsujin/stabilizer	master	2021-03-19T19:54:59Z	0
emeryberger/stabilizer	master	2022-06-23T17:59:46Z	1
giactra/stabilizer	master	2016-08-04T15:14:37Z	0
gsumalo/stabilizer	master	2016-08-04T15:14:37Z	0
beyonddream-productions/stabilizer	master	2016-08-04T15:14:37Z	0
lsabc/stabilizer	master	2016-08-04T15:14:37Z	0
StefanFabian/stabilizer	master	2016-08-04T15:14:37Z	0
vshalts/stabilizer	master	2016-08-04T15:14:37Z	0
coderesearchref/stabilizer	master	2016-08-04T15:14:37Z	0
schrummy14/stabilizer	master	2019-09-23T03:55:38Z	0
realkotob/stabilizer	master	2021-09-29T19:02:14Z	0
IgorDzreyev/stabilizer	master	2016-08-04T15:14:37Z	0
LongJohnCoder/stabilizer	master	2016-08-04T15:14:37Z	0
fusiled/stabilizer	master	2018-11-21T12:50:01Z	1
whuczp1234/stabilizer	master	2016-08-04T15:14:37Z	0
zsusag/stabilizer	master	2016-08-04T15:14:37Z	0
saadmahboob/stabilizer	master	2016-08-04T15:14:37Z	0
nguyenth1/stabilizer	master	2015-01-05T21:09:05Z	0
thinkmoore/stabilizer	master	2016-01-22T19:21:59Z	0
nickhutchinson/stabilizer	master	2015-08-30T09:36:03Z	0
mayaarl/stabilizer	master	2014-08-15T19:36:17Z	0
imaxxs/stabilizer	master	2013-05-21T02:05:30Z	0
lpc0220/stabilizer	master	2013-02-06T18:18:57Z	0
zhuomingliang/stabilizer	master	2013-02-06T18:18:57Z	0
plasma-umass/stabilizer	master	2014-09-19T16:32:44Z	2
